{
  "ka": 0.0738883375093956,
  "V": 17.7404173799714,
  "Vm": 27.4803798767056,
  "Km": 0.217345973170599,
  "sigma": 0.206907464990574
}
