{
  "ka": 0.136340748708579,
  "V": 26.6799660054936,
  "Vm": 5.57705475633262,
  "Km": 0.0707718299588134,
  "sigma": 0.408493057571776
}
