{
  "ka": 71.2950079169833,
  "V": 28.6761608808162,
  "Vm": 9.89110450428075,
  "Km": 0.201986211592013,
  "sigma": 0.757656443335055
}
