{
  "ka": 20.1271857346498,
  "V": 17.6954508532517,
  "Vm": 23.5955847607835,
  "Km": 0.345527030412843,
  "sigma": 0.492861609065769
}
