{
  "ka": 19.2616522417771,
  "V": 46.0619131439219,
  "Vm": 5.94304094450836,
  "Km": 91.7415403698843,
  "sigma": 0.642828828767475
}
