{
  "ka": 3.20102862566315,
  "V": 54.4909524955689,
  "Vm": 9.75283882371708,
  "Km": 5.79683920126328,
  "sigma": 0.877941394400035
}
