{
  "ka": 0.832519781824825,
  "V": 32.6367514838351,
  "Vm": 10.8338754701275,
  "Km": 6.25735532647444,
  "sigma": 0.86102922817563
}
