{
  "ka": 4.63828099047915,
  "V": 54.1830389578249,
  "Vm": 7.8936195838569,
  "Km": 1.1932655186531,
  "sigma": 0.148022244228278
}
