{
  "ka": 0.307068992355199,
  "V": 19.3084521578155,
  "Vm": 14.5847138344049,
  "Km": 0.012946434924828,
  "sigma": 0.403554159587142
}
