{
  "V": 32.3877,
  "Vm": 6.0639,
  "Km": 4.36353,
  "sigma": 0.878774,
  ".chain": 1
}
