{
  "ka": 0.621536471764773,
  "V": 23.1688613338194,
  "Vm": 8.63075951515459,
  "Km": 15.6028665222401,
  "sigma": 0.512971759881316
}
