{
  "ka": 3.43820182669764,
  "V": 19.0440056973107,
  "Vm": 10.3994190638931,
  "Km": 3.58153550525371,
  "sigma": 0.156407303811645
}
