{
  "ka": 0.578833301313206,
  "V": 54.5602820529767,
  "Vm": 5.25537132244512,
  "Km": 29.0632300065282,
  "sigma": 0.370311841407294
}
