{
  "V": 28.3171,
  "Vm": 7.70189,
  "Km": 10.5573,
  "sigma": 0.379946,
  ".chain": 1
}
