{
  "V": 31.8559,
  "Vm": 7.38549,
  "Km": 8.89498,
  "sigma": 0.560375,
  ".chain": 1
}
