{
  "ka": 119.098282478172,
  "V": 14.6149059051549,
  "Vm": 5.46722131642994,
  "Km": 0.0210339910287937,
  "sigma": 8.8229914540205e-05
}
