{
  "ka": 40.9635657713909,
  "V": 16.1037604192361,
  "Vm": 8.7784932892214,
  "Km": 39.3904404363555,
  "sigma": 0.848230742732657
}
