{
  "ka": 0.0773487113343975,
  "V": 23.8118150737732,
  "Vm": 7.86906897915205,
  "Km": 0.0215215175846553,
  "sigma": 0.391764782102022
}
