{
  "ka": 5.33169448738151,
  "V": 25.9157535081874,
  "Vm": 3.69469182054995,
  "Km": 21.2453417138755,
  "sigma": 0.353053516930197
}
