{
  "ka": 0.789363150142039,
  "V": 35.680539562655,
  "Vm": 4.28864234517916,
  "Km": 0.00662358859312636,
  "sigma": 1.65859690529051
}
