{
  "ka": 0.698344939188467,
  "V": 34.3384685757213,
  "Vm": 10.9887748054761,
  "Km": 0.0474525030186872,
  "sigma": 0.555156951395749
}
