{
  "V": 28.1103,
  "Vm": 8.21073,
  "Km": 9.00276,
  "sigma": 0.493534,
  ".chain": 1
}
