{
  "ka": 1.74848451760391,
  "V": 35.731316489732,
  "Vm": 6.40682054675035,
  "Km": 0.172830461176787,
  "sigma": 0.61011735260632
}
