{
  "ka": 1.35774683595911,
  "V": 25.5330621595363,
  "Vm": 23.4951768708327,
  "Km": 7.54676804781504,
  "sigma": 0.0453041211080898
}
