{
  "ka": 5.98420734626051,
  "V": 32.4653661636898,
  "Vm": 7.42173275518128,
  "Km": 551.929236622892,
  "sigma": 0.989831018040063
}
