{
  "ka": 0.0479666376293489,
  "V": 29.0692715808828,
  "Vm": 11.452660373385,
  "Km": 19.3964107307149,
  "sigma": 1.44402849730771
}
