{
  "ka": 0.130614729643272,
  "V": 40.0303842769922,
  "Vm": 16.1401436525612,
  "Km": 1.03128043108172,
  "sigma": 0.0606782220831001
}
