{
  "ka": 2.63269626085433,
  "V": 38.8321724484381,
  "Vm": 15.5379310415462,
  "Km": 0.00316703691618399,
  "sigma": 0.575588206348816
}
