{
  "ka": 13.1831744167759,
  "V": 89.4393380038457,
  "Vm": 9.33614227979919,
  "Km": 3.22171738676014,
  "sigma": 0.0389106170835176
}
