{
  "ka": 2.06328658629846,
  "V": 42.8981447204973,
  "Vm": 14.2471685592406,
  "Km": 0.0109984235570886,
  "sigma": 0.111556306986739
}
