{
  "ka": 0.122426917896942,
  "V": 31.2358727134584,
  "Vm": 5.36503125452494,
  "Km": 457.138542695115,
  "sigma": 0.544111133328492
}
