{
  "ka": 0.101874058519728,
  "V": 31.1497222726546,
  "Vm": 18.7248690843468,
  "Km": 16.340830453342,
  "sigma": 0.193115972672057
}
