{
  "ka": 0.000195814340975578,
  "V": 77.0915360411379,
  "Vm": 34.9666840816067,
  "Km": 11.7631067100541,
  "sigma": 1.59856605152553
}
