{
  "ka": 134.294098114538,
  "V": 31.537684689975,
  "Vm": 9.94397153097492,
  "Km": 53.204842209793,
  "sigma": 0.589823829655552
}
