{
  "N": 15,
  "y": [-0.0988298823466264, 1.87056231966546, 2.80894862326146, 3.1176639179606, 3.50329211664975, 2.94318718736973, 2.30323601542727, 2.14227717737981, 1.45163997152864, 1.18394438073931, 1.09194160647036, 0.713126095353284, 0.568865231836562, 0.543456400731675, 0.282346394267816],
  "t": [0.5, 0.75, 1, 1.25, 1.5, 10, 20, 30, 40, 50, 60, 70, 80, 90, 100],
  "y0": [100, 0]
}
